pathway_id,pathway_name,source,n_genes,mean_AD,mean_Control,diff,p_value,effect_size,abs_effect,direction,q_value,significant_fdr,significant,neg_log10_p
GO:0021537,telencephalon development,GO:BP,3,-0.1164,-0.1929,0.0765,0.0006507124051402688,-0.78,0.78,↑ in AD,0.20885445626541532,False,True,3.186610913824601
GO:0001867,"complement activation, lectin pathway",GO:BP,8,0.2619,0.3138,-0.0519,0.0014248228463931592,0.73,0.73,↓ in AD,0.20885445626541532,False,True,2.8462391297724015
GO:0045824,negative regulation of innate immune response,GO:BP,5,0.3744,0.4256,-0.0512,0.0016575750497255183,0.72,0.72,↓ in AD,0.20885445626541532,False,True,2.780526799005373
REAC:R-HSA-9657689,Defective SERPING1 causes hereditary angioedema,REAC,3,0.1349,0.1983,-0.0634,0.0029818378302928876,0.68,0.68,↓ in AD,0.2165824554524182,False,True,2.5255159797039757
GO:0004497,monooxygenase activity,GO:MF,3,0.0,-0.0656,0.0656,0.003277853381266256,-0.4,0.4,↑ in AD,0.2165824554524182,False,True,2.4844104763698818
WP:WP5089,Kinin Kallikrein pathway,WP,5,0.2434,0.2757,-0.0323,0.003437816753212987,0.67,0.67,↓ in AD,0.2165824554524182,False,True,2.4637172763369843
GO:0019731,antibacterial humoral response,GO:BP,3,-0.0494,0.0689,-0.1182,0.005212047135633487,0.64,0.64,↓ in AD,0.2814505453242083,False,True,2.2829916653591154
GO:0009152,purine ribonucleotide biosynthetic process,GO:BP,7,0.1551,0.3424,-0.1873,0.006811129279982587,0.62,0.62,↓ in AD,0.3218258584791773,False,True,2.166780876427094
GO:0002920,regulation of humoral immune response,GO:BP,8,0.3791,0.4002,-0.0211,0.011417221487911742,0.58,0.58,↓ in AD,0.36840692906630323,False,True,1.9424395737860696
GO:0042446,hormone biosynthetic process,GO:BP,3,0.0,-0.0662,0.0662,0.012696089153847243,-0.3,0.3,↑ in AD,0.36840692906630323,False,True,1.8963300365613405
GO:0003724,RNA helicase activity,GO:MF,3,0.0,-0.0939,0.0939,0.012696089153847243,-0.3,0.3,↑ in AD,0.36840692906630323,False,True,1.8963300365613405
GO:0051216,cartilage development,GO:BP,5,-0.3272,-0.2246,-0.1025,0.014619322581996158,0.56,0.56,↓ in AD,0.36840692906630323,False,True,1.8350727508882183
GO:1903829,positive regulation of protein localization,GO:BP,13,-0.3524,-0.3105,-0.0419,0.014619322581996158,0.56,0.56,↓ in AD,0.36840692906630323,False,True,1.8350727508882183
GO:0030879,mammary gland development,GO:BP,4,-0.4276,-0.3873,-0.0403,0.014619322581996158,0.56,0.56,↓ in AD,0.36840692906630323,False,True,1.8350727508882183
GO:1900076,regulation of cellular response to insulin stimulus,GO:BP,4,0.1556,0.1922,-0.0366,0.014619322581996158,0.56,0.56,↓ in AD,0.36840692906630323,False,True,1.8350727508882183
GO:0048598,embryonic morphogenesis,GO:BP,6,0.1742,0.267,-0.0928,0.01649925731113348,0.55,0.55,↓ in AD,0.3897949539755285,False,True,1.782535604448872
GO:0005765,lysosomal membrane,GO:CC,10,-0.1578,-0.1297,-0.028,0.018588295825989816,0.54,0.54,↓ in AD,0.41331622483671476,False,True,1.7307604244989228
GO:0009790,embryo development,GO:BP,10,0.3112,0.363,-0.0518,0.020905208624420413,0.53,0.53,↓ in AD,0.43900938111282867,False,True,1.6797454940316492
GO:2001252,positive regulation of chromosome organization,GO:BP,4,-0.2,-0.15,-0.05,0.023469884553281025,0.52,0.52,↓ in AD,0.45993503832340676,False,True,1.6294890466603047
GO:0097722,sperm motility,GO:BP,6,0.0168,-0.094,0.1109,0.024335187212878664,-0.42,0.42,↑ in AD,0.45993503832340676,False,True,1.6137653083394228
GO:0019866,organelle inner membrane,GO:CC,5,-0.0043,0.0498,-0.0542,0.027810339802225355,0.505,0.505,↓ in AD,0.4969350473108931,False,True,1.5557937046514883
GO:0001818,negative regulation of cytokine production,GO:BP,7,0.0951,0.0646,0.0305,0.03286607455759875,-0.49,0.49,↑ in AD,0.4969350473108931,False,True,1.4832521638763392
KEGG:05417,Lipid and atherosclerosis,KEGG,7,0.245,0.2878,-0.0428,0.03286607455759875,0.49,0.49,↓ in AD,0.4969350473108931,False,True,1.4832521638763392
GO:0030141,secretory granule,GO:CC,43,0.2935,0.306,-0.0125,0.03286607455759875,0.49,0.49,↓ in AD,0.4969350473108931,False,True,1.4832521638763392
GO:0009749,response to glucose,GO:BP,4,-0.3436,-0.4142,0.0706,0.03286607455759875,-0.49,0.49,↑ in AD,0.4969350473108931,False,True,1.4832521638763392
GO:0016773,"phosphotransferase activity, alcohol group as acceptor",GO:MF,9,-0.4117,-0.3686,-0.043,0.03664283448551583,0.48,0.48,↓ in AD,0.5129996827972216,False,True,1.4360109391033786
GO:0005739,mitochondrion,GO:CC,21,0.0559,0.1192,-0.0634,0.03664283448551583,0.48,0.48,↓ in AD,0.5129996827972216,False,True,1.4360109391033786
GO:0030500,regulation of bone mineralization,GO:BP,4,0.4066,0.3827,0.024,0.0386443147211139,-0.475,0.475,↑ in AD,0.5138684799638337,False,True,1.4129143896334442
GO:0004714,transmembrane receptor protein tyrosine kinase activity,GO:MF,3,-0.4214,-0.3883,-0.0332,0.04078321269554235,0.47,0.47,↓ in AD,0.5138684799638337,False,True,1.38951856568419
GO:0048771,tissue remodeling,GO:BP,4,0.2584,0.2223,0.0361,0.04078321269554235,-0.47,0.47,↑ in AD,0.5138684799638337,False,True,1.38951856568419
REAC:R-HSA-15869,Metabolism of nucleotides,REAC,5,-0.0617,0.0134,-0.0751,0.04394486878396253,0.325,0.325,↓ in AD,0.5358438838818658,False,True,1.3570918279601363
GO:0019838,growth factor binding,GO:MF,5,0.2582,0.293,-0.0348,0.05026064814901438,0.45,0.45,↓ in AD,0.5695131185187841,False,False,1.2987719151520105
GO:0022612,gland morphogenesis,GO:BP,4,-0.2792,-0.3787,0.0995,0.05026064814901438,-0.45,0.45,↑ in AD,0.5695131185187841,False,False,1.2987719151520105
GO:0004867,serine-type endopeptidase inhibitor activity,GO:MF,16,0.152,0.1752,-0.0232,0.05565276521016723,0.44,0.44,↓ in AD,0.5695131185187841,False,False,1.2545132520717421
REAC:R-HSA-216083,Integrin cell surface interactions,REAC,4,-0.2746,-0.334,0.0594,0.05565276521016723,-0.44,0.44,↑ in AD,0.5695131185187841,False,False,1.2545132520717421
GO:0002697,regulation of immune effector process,GO:BP,17,0.2433,0.2642,-0.0209,0.05565276521016723,0.44,0.44,↓ in AD,0.5695131185187841,False,False,1.2545132520717421
GO:0031410,cytoplasmic vesicle,GO:CC,66,0.2797,0.2958,-0.016,0.06151844308314133,0.43,0.43,↓ in AD,0.5695131185187841,False,False,1.210994664249483
GO:0002262,myeloid cell homeostasis,GO:BP,3,0.0193,0.0696,-0.0502,0.06151844308314133,0.43,0.43,↓ in AD,0.5695131185187841,False,False,1.210994664249483
GO:0050830,defense response to Gram-positive bacterium,GO:BP,7,-0.0175,-0.0512,0.0338,0.06151844308314133,-0.43,0.43,↑ in AD,0.5695131185187841,False,False,1.210994664249483
GO:0001959,regulation of cytokine-mediated signaling pathway,GO:BP,3,0.3704,0.4041,-0.0336,0.06151844308314133,0.43,0.43,↓ in AD,0.5695131185187841,False,False,1.210994664249483
KEGG:04141,Protein processing in endoplasmic reticulum,KEGG,4,-0.0337,0.0051,-0.0388,0.062417096555861314,0.28,0.28,↓ in AD,0.5695131185187841,False,False,1.2046964371941589
GO:0009206,purine ribonucleoside triphosphate biosynthetic process,GO:BP,4,-0.0635,0.0,-0.0635,0.063279235390976,0.3,0.3,↓ in AD,0.5695131185187841,False,False,1.1987387771002362
GO:0005796,Golgi lumen,GO:CC,3,-0.2079,-0.2593,0.0514,0.06788693602163734,-0.42,0.42,↑ in AD,0.583210495822248,False,False,1.168213792134624
GO:0045730,respiratory burst,GO:BP,3,-0.1798,-0.1298,-0.05,0.06788693602163734,0.42,0.42,↓ in AD,0.583210495822248,False,False,1.168213792134624
GO:0051781,positive regulation of cell division,GO:BP,3,-0.0498,-0.0028,-0.0469,0.07053678530245018,0.325,0.325,↓ in AD,0.5889553305699247,False,False,1.151584337087305
GO:2001234,negative regulation of apoptotic signaling pathway,GO:BP,8,-0.1056,-0.0613,-0.0442,0.0747879784850698,0.41,0.41,↓ in AD,0.5889553305699247,False,False,1.1261682055737885
GO:0019433,triglyceride catabolic process,GO:BP,5,0.2663,0.2913,-0.025,0.0747879784850698,0.41,0.41,↓ in AD,0.5889553305699247,False,False,1.1261682055737885
REAC:R-HSA-71387,Metabolism of carbohydrates and carbohydrate derivatives,REAC,3,-0.1729,-0.2388,0.0659,0.0747879784850698,-0.41,0.41,↑ in AD,0.5889553305699247,False,False,1.1261682055737885
GO:0046330,positive regulation of JNK cascade,GO:BP,3,-0.1486,-0.081,-0.0676,0.08221757222997811,0.4,0.4,↓ in AD,0.6044784449222023,False,False,1.0850353514755264
GO:0007159,leukocyte cell-cell adhesion,GO:BP,8,0.0271,0.0637,-0.0366,0.08225164615120803,0.4,0.4,↓ in AD,0.6044784449222023,False,False,1.0848554014967482
GO:0072676,lymphocyte migration,GO:BP,4,0.1257,0.0746,0.051,0.08225164615120803,-0.4,0.4,↑ in AD,0.6044784449222023,False,False,1.0848554014967482
GO:0004386,helicase activity,GO:MF,5,-0.0194,-0.0952,0.0758,0.08687206083451919,-0.235,0.235,↑ in AD,0.6044784449222023,False,False,1.0611198757536908
GO:0006775,fat-soluble vitamin metabolic process,GO:BP,3,-0.0202,-0.0438,0.0237,0.08687206083451919,-0.235,0.235,↑ in AD,0.6044784449222023,False,False,1.0611198757536908
WP:WP5055,Burn wound healing,WP,4,-0.4233,-0.382,-0.0413,0.09030820256797847,0.39,0.39,↓ in AD,0.6044784449222023,False,False,1.044272801533395
GO:0031089,platelet dense granule lumen,GO:CC,7,0.3248,0.3107,0.0141,0.09030820256797847,-0.39,0.39,↑ in AD,0.6044784449222023,False,False,1.044272801533395
GO:0042098,T cell proliferation,GO:BP,3,-0.3701,-0.4485,0.0784,0.09891283454337177,-0.38,0.38,↑ in AD,0.6044784449222023,False,False,1.004747352389473
WP:WP5353,Macrophage stimulating protein MSP signaling,WP,3,-0.3313,-0.3976,0.0663,0.09895038375209744,-0.38,0.38,↑ in AD,0.6044784449222023,False,False,1.0045825171615246
GO:0051087,protein-folding chaperone binding,GO:MF,5,0.4911,0.4941,-0.0029,0.09898793180102639,0.38,0.38,↓ in AD,0.6044784449222023,False,False,1.0044177495610114
GO:0001817,regulation of cytokine production,GO:BP,20,0.0015,-0.0152,0.0167,0.09898793180102639,-0.38,0.38,↑ in AD,0.6044784449222023,False,False,1.0044177495610114
GO:0015267,channel activity,GO:MF,6,-0.2285,-0.1307,-0.0978,0.09898793180102639,0.38,0.38,↓ in AD,0.6044784449222023,False,False,1.0044177495610114
GO:0007005,mitochondrion organization,GO:BP,7,0.2781,0.3298,-0.0517,0.10349409503030414,0.375,0.375,↓ in AD,0.6044784449222023,False,False,0.9850844286506711
GO:0032103,positive regulation of response to external stimulus,GO:BP,20,0.1382,0.1547,-0.0165,0.10832095763145862,0.37,0.37,↓ in AD,0.6044784449222023,False,False,0.9652875091812742
KEGG:05144,Malaria,KEGG,3,-0.1921,-0.1274,-0.0647,0.10832095763145862,0.37,0.37,↓ in AD,0.6044784449222023,False,False,0.9652875091812742
WP:WP4657,22q11 2 copy number variation syndrome,WP,5,-0.1545,-0.1181,-0.0364,0.10832095763145862,0.37,0.37,↓ in AD,0.6044784449222023,False,False,0.9652875091812742
GO:0009986,cell surface,GO:CC,24,0.0437,0.0669,-0.0231,0.10832095763145862,0.37,0.37,↓ in AD,0.6044784449222023,False,False,0.9652875091812742
REAC:R-HSA-166662,Lectin pathway of complement activation,REAC,4,-0.2076,-0.1642,-0.0434,0.10832095763145862,0.37,0.37,↓ in AD,0.6044784449222023,False,False,0.9652875091812742
GO:0032561,guanyl ribonucleotide binding,GO:MF,7,-0.3678,-0.348,-0.0198,0.10832095763145862,0.37,0.37,↓ in AD,0.6044784449222023,False,False,0.9652875091812742
GO:0046620,regulation of organ growth,GO:BP,4,-0.0521,0.0098,-0.0618,0.11585270195902941,0.27,0.27,↓ in AD,0.6044784449222023,False,False,0.9360938329813606
GO:0048639,positive regulation of developmental growth,GO:BP,4,-0.055,0.0098,-0.0647,0.11585270195902941,0.27,0.27,↓ in AD,0.6044784449222023,False,False,0.9360938329813606
GO:0009123,nucleoside monophosphate metabolic process,GO:BP,4,-0.0248,0.0134,-0.0382,0.11807754779407674,0.19,0.19,↓ in AD,0.6044784449222023,False,False,0.9278326747500267
REAC:R-HSA-140837,Intrinsic Pathway of Fibrin Clot Formation,REAC,10,0.2017,0.217,-0.0153,0.11833705006413482,0.36,0.36,↓ in AD,0.6044784449222023,False,False,0.9268792611265781
GO:0005819,spindle,GO:CC,6,0.0794,0.1141,-0.0347,0.11833705006413482,0.36,0.36,↓ in AD,0.6044784449222023,False,False,0.9268792611265781
REAC:R-HSA-9748784,Drug ADME,REAC,3,0.4876,0.494,-0.0065,0.11833705006413482,0.36,0.36,↓ in AD,0.6044784449222023,False,False,0.9268792611265781
GO:0071495,cellular response to endogenous stimulus,GO:BP,20,0.092,0.1056,-0.0137,0.11833705006413482,0.36,0.36,↓ in AD,0.6044784449222023,False,False,0.9268792611265781
GO:1902041,regulation of extrinsic apoptotic signaling pathway via death domain receptors,GO:BP,5,-0.3633,-0.4509,0.0875,0.12667611802491435,-0.35,0.35,↑ in AD,0.633593880580575,False,False,0.8973052540007156
REAC:R-HSA-140875,Common Pathway of Fibrin Clot Formation,REAC,7,-0.0376,-0.0748,0.0372,0.12906542011826527,-0.35,0.35,↑ in AD,0.633593880580575,False,False,0.8891901005954951
GO:0033194,response to hydroperoxide,GO:BP,4,0.2516,0.2924,-0.0408,0.12906542011826527,0.35,0.35,↓ in AD,0.633593880580575,False,False,0.8891901005954951
GO:0042579,microbody,GO:CC,3,0.2705,0.1981,0.0724,0.14049034956995374,-0.34,0.34,↑ in AD,0.6470330272170163,False,False,0.8523535068796152
GO:0003823,antigen binding,GO:MF,7,-0.0967,-0.0768,-0.0199,0.14053450408595752,0.34,0.34,↓ in AD,0.6470330272170163,False,False,0.8522170345174033
GO:1903522,regulation of blood circulation,GO:BP,5,0.2489,0.191,0.0579,0.14053450408595752,-0.34,0.34,↑ in AD,0.6470330272170163,False,False,0.8522170345174033
GO:0006412,translation,GO:BP,8,-0.0524,-0.0134,-0.039,0.14053450408595752,0.34,0.34,↓ in AD,0.6470330272170163,False,False,0.8522170345174033
GO:0005814,centriole,GO:CC,4,-0.0143,0.0,-0.0143,0.14661522824706158,0.2,0.2,↓ in AD,0.6470330272170163,False,False,0.833820919188773
GO:0016197,endosomal transport,GO:BP,4,-0.0432,0.0,-0.0432,0.14661522824706158,0.2,0.2,↓ in AD,0.6470330272170163,False,False,0.833820919188773
GO:0043123,positive regulation of canonical NF-kappaB signal transduction,GO:BP,4,-0.0476,0.0,-0.0476,0.14661522824706158,0.2,0.2,↓ in AD,0.6470330272170163,False,False,0.833820919188773
GO:0140640,"catalytic activity, acting on a nucleic acid",GO:MF,8,-0.0286,-0.0747,0.0461,0.15272607658937423,-0.33,0.33,↑ in AD,0.6470330272170163,False,False,0.8160868047772162
GO:0043168,anion binding,GO:MF,42,0.125,0.1421,-0.0171,0.15277173865747862,0.33,0.33,↓ in AD,0.6470330272170163,False,False,0.8159569787466
REAC:R-HSA-2980736,Peptide hormone metabolism,REAC,4,0.1691,0.1366,0.0324,0.15277173865747862,-0.33,0.33,↑ in AD,0.6470330272170163,False,False,0.8159569787466
GO:0010883,regulation of lipid storage,GO:BP,4,-0.06,-0.1159,0.0559,0.15277173865747862,-0.33,0.33,↑ in AD,0.6470330272170163,False,False,0.8159569787466
GO:0071333,cellular response to glucose stimulus,GO:BP,3,-0.3032,-0.3736,0.0704,0.15277173865747862,-0.33,0.33,↑ in AD,0.6470330272170163,False,False,0.8159569787466
GO:0006403,RNA localization,GO:BP,3,-0.0059,0.0013,-0.0072,0.15446576442708213,0.145,0.145,↓ in AD,0.6470330272170163,False,False,0.8111677619865771
GO:0000287,magnesium ion binding,GO:MF,4,-0.0472,-0.0028,-0.0444,0.1631932222718484,0.24,0.24,↓ in AD,0.6470330272170163,False,False,0.787297882292087
GO:0032642,regulation of chemokine production,GO:BP,3,0.1044,0.0796,0.0248,0.16580332852091684,-0.32,0.32,↑ in AD,0.6470330272170163,False,False,0.7804067551864864
GO:0098742,cell-cell adhesion via plasma-membrane adhesion molecules,GO:BP,3,-0.4366,-0.4574,0.0208,0.16580332852091684,-0.32,0.32,↑ in AD,0.6470330272170163,False,False,0.7804067551864864
GO:0016485,protein processing,GO:BP,20,0.1235,0.1442,-0.0208,0.16580332852091684,0.32,0.32,↓ in AD,0.6470330272170163,False,False,0.7804067551864864
GO:0061337,cardiac conduction,GO:BP,3,0.2641,0.2208,0.0433,0.16580332852091684,-0.32,0.32,↑ in AD,0.6470330272170163,False,False,0.7804067551864864
GO:0042692,muscle cell differentiation,GO:BP,13,-0.1798,-0.152,-0.0278,0.16580332852091684,0.32,0.32,↓ in AD,0.6470330272170163,False,False,0.7804067551864864
GO:0046622,positive regulation of organ growth,GO:BP,3,-0.0343,0.0098,-0.0441,0.16603757576732958,0.225,0.225,↓ in AD,0.6470330272170163,False,False,0.7797936161665457
GO:0005938,cell cortex,GO:CC,6,0.0965,0.1214,-0.0249,0.179654008244981,0.31,0.31,↓ in AD,0.672368466501018,False,False,0.7455630888447574
GO:0004806,triacylglycerol lipase activity,GO:MF,3,0.3247,0.3001,0.0246,0.179654008244981,-0.31,0.31,↑ in AD,0.672368466501018,False,False,0.7455630888447574
GO:0030175,filopodium,GO:CC,5,-0.3546,-0.3984,0.0438,0.179654008244981,-0.31,0.31,↑ in AD,0.672368466501018,False,False,0.7455630888447574
GO:0120254,olefinic compound metabolic process,GO:BP,6,-0.0435,-0.1107,0.0673,0.179654008244981,-0.31,0.31,↑ in AD,0.672368466501018,False,False,0.7455630888447574
REAC:R-HSA-5619115,Disorders of transmembrane transporters,REAC,3,0.3276,0.3628,-0.0352,0.19434680044312913,0.3,0.3,↓ in AD,0.6899743541539085,False,False,0.711422604820889
GO:0001503,ossification,GO:BP,9,0.3429,0.3437,-0.0007,0.19434680044312913,-0.3,0.3,↓ in AD,0.6899743541539085,False,False,0.711422604820889
REAC:R-HSA-449147,Signaling by Interleukins,REAC,4,-0.2131,-0.1424,-0.0707,0.19434680044312913,0.3,0.3,↓ in AD,0.6899743541539085,False,False,0.711422604820889
GO:0002707,negative regulation of lymphocyte mediated immunity,GO:BP,3,0.2324,0.2212,0.0111,0.19434680044312913,-0.3,0.3,↑ in AD,0.6899743541539085,False,False,0.711422604820889
GO:0055037,recycling endosome,GO:CC,5,-0.1064,-0.0679,-0.0385,0.2019654734290589,0.295,0.295,↓ in AD,0.6899743541539085,False,False,0.6947228680823808
WP:WP4927,COVID 19 thrombosis and anticoagulation,WP,3,-0.2026,-0.2546,0.052,0.2098520642115106,-0.29,0.29,↑ in AD,0.6899743541539085,False,False,0.6780867544903304
GO:0019730,antimicrobial humoral response,GO:BP,8,0.0862,0.1261,-0.04,0.20990277239126998,0.29,0.29,↓ in AD,0.6899743541539085,False,False,0.6779818252276102
GO:0006954,inflammatory response,GO:BP,39,0.2216,0.2096,0.012,0.20990277239126998,-0.29,0.29,↑ in AD,0.6899743541539085,False,False,0.6779818252276102
GO:0071345,cellular response to cytokine stimulus,GO:BP,16,0.2036,0.2215,-0.0179,0.20990277239126998,0.29,0.29,↓ in AD,0.6899743541539085,False,False,0.6779818252276102
GO:0005874,microtubule,GO:CC,8,-0.3537,-0.3206,-0.0331,0.21795924039300452,0.285,0.285,↓ in AD,0.6899743541539085,False,False,0.6616247143195043
GO:0030496,midbody,GO:CC,3,-0.0253,0.0,-0.0253,0.2205861807795394,0.15,0.15,↓ in AD,0.6899743541539085,False,False,0.6564216986010863
GO:0051899,membrane depolarization,GO:BP,3,0.4921,0.5,-0.0079,0.2205861807795394,0.15,0.15,↓ in AD,0.6899743541539085,False,False,0.6564216986010863
GO:0006754,ATP biosynthetic process,GO:BP,3,-0.0265,0.0,-0.0265,0.2205861807795394,0.15,0.15,↓ in AD,0.6899743541539085,False,False,0.6564216986010863
GO:0036064,ciliary basal body,GO:CC,3,-0.0194,0.0,-0.0194,0.2205861807795394,0.15,0.15,↓ in AD,0.6899743541539085,False,False,0.6564216986010863
GO:0007034,vacuolar transport,GO:BP,4,-0.0378,0.0,-0.0378,0.2205861807795394,0.15,0.15,↓ in AD,0.6899743541539085,False,False,0.6564216986010863
GO:0005496,steroid binding,GO:MF,5,0.1771,0.1532,0.0239,0.22634079342614988,-0.28,0.28,↑ in AD,0.6899743541539085,False,False,0.6452371660485053
GO:0022857,transmembrane transporter activity,GO:MF,12,0.1358,0.1644,-0.0287,0.22634079342614988,0.28,0.28,↓ in AD,0.6899743541539085,False,False,0.6452371660485053
KEGG:05146,Amoebiasis,KEGG,6,0.075,0.0566,0.0184,0.22634079342614988,-0.28,0.28,↑ in AD,0.6899743541539085,False,False,0.6452371660485053
GO:0005622,intracellular anatomical structure,GO:CC,197,0.186,0.2017,-0.0157,0.22634079342614988,0.28,0.28,↓ in AD,0.6899743541539085,False,False,0.6452371660485053
GO:0097305,response to alcohol,GO:BP,5,0.3976,0.4144,-0.0169,0.22634079342614988,0.28,0.28,↓ in AD,0.6899743541539085,False,False,0.6452371660485053
GO:0048144,fibroblast proliferation,GO:BP,5,0.1393,0.1123,0.027,0.22634079342614988,-0.28,0.28,↑ in AD,0.6899743541539085,False,False,0.6452371660485053
GO:0001848,complement binding,GO:MF,11,0.3177,0.3105,0.0071,0.22634079342614988,-0.28,0.28,↑ in AD,0.6899743541539085,False,False,0.6452371660485053
GO:0090100,positive regulation of transmembrane receptor protein serine/threonine kinase signaling pathway,GO:BP,5,-0.3714,-0.4183,0.0469,0.22634079342614988,-0.28,0.28,↑ in AD,0.6899743541539085,False,False,0.6452371660485053
GO:0045296,cadherin binding,GO:MF,4,-0.4428,-0.4808,0.038,0.2346353657628446,-0.275,0.275,↑ in AD,0.6925565242901368,False,False,0.6296065276080521
GO:0048306,calcium-dependent protein binding,GO:MF,4,0.4415,0.4705,-0.0291,0.23479165933093882,0.275,0.275,↓ in AD,0.6925565242901368,False,False,0.6293173348983871
GO:0140030,modification-dependent protein binding,GO:MF,5,0.0089,-0.0283,0.0373,0.23572111307784593,-0.18,0.18,↑ in AD,0.6925565242901368,False,False,0.6276015168284365
GO:0051592,response to calcium ion,GO:BP,5,-0.3998,-0.4494,0.0496,0.23731478319409394,-0.27,0.27,↑ in AD,0.6925565242901368,False,False,0.6246752071697441
REAC:R-HSA-8953854,Metabolism of RNA,REAC,6,0.0171,-0.0554,0.0725,0.24362484920243677,-0.27,0.27,↑ in AD,0.6925565242901368,False,False,0.6132784166914381
GO:0007565,female pregnancy,GO:BP,8,-0.0482,-0.0218,-0.0264,0.24367729558356666,0.27,0.27,↓ in AD,0.6925565242901368,False,False,0.6131849339343759
GO:0071222,cellular response to lipopolysaccharide,GO:BP,9,-0.2652,-0.2249,-0.0403,0.24367729558356666,0.27,0.27,↓ in AD,0.6925565242901368,False,False,0.6131849339343759
GO:0070820,tertiary granule,GO:CC,9,0.3346,0.346,-0.0114,0.24367729558356666,0.27,0.27,↓ in AD,0.6925565242901368,False,False,0.6131849339343759
GO:0031960,response to corticosteroid,GO:BP,7,0.4067,0.4257,-0.019,0.24367729558356666,0.27,0.27,↓ in AD,0.6925565242901368,False,False,0.6131849339343759
GO:0070741,response to interleukin-6,GO:BP,3,-0.0182,-0.0457,0.0275,0.25408215053795635,-0.14,0.14,↑ in AD,0.7065922259700794,False,False,0.5950258433917925
GO:0120032,regulation of plasma membrane bounded cell projection assembly,GO:BP,3,0.2089,0.2186,-0.0097,0.2618729678421209,0.26,0.26,↓ in AD,0.7065922259700794,False,False,0.581909329840952
GO:0072562,blood microparticle,GO:CC,47,0.3273,0.3348,-0.0075,0.26192604004125386,0.26,0.26,↓ in AD,0.7065922259700794,False,False,0.5818213229415197
GO:0001701,in utero embryonic development,GO:BP,4,0.0996,0.0602,0.0394,0.26192604004125386,-0.26,0.26,↑ in AD,0.7065922259700794,False,False,0.5818213229415197
WP:WP2806,Complement system,WP,32,0.2633,0.2558,0.0075,0.26192604004125386,-0.26,0.26,↑ in AD,0.7065922259700794,False,False,0.5818213229415197
GO:0008037,cell recognition,GO:BP,13,0.1641,0.1485,0.0156,0.26192604004125386,-0.26,0.26,↑ in AD,0.7065922259700794,False,False,0.5818213229415197
GO:0140014,mitotic nuclear division,GO:BP,7,-0.4046,-0.3916,-0.013,0.26192604004125386,0.26,0.26,↓ in AD,0.7065922259700794,False,False,0.5818213229415197
GO:0046395,carboxylic acid catabolic process,GO:BP,3,-0.0062,-0.0594,0.0532,0.2635701160364582,-0.17,0.17,↑ in AD,0.7065922259700794,False,False,0.5791038322274702
GO:0005759,mitochondrial matrix,GO:CC,4,-0.0813,-0.0353,-0.0461,0.27232301438056505,0.19,0.19,↓ in AD,0.7131208267033741,False,False,0.5649156543040833
GO:0005667,transcription regulator complex,GO:CC,3,0.4135,0.3871,0.0264,0.28099084267153296,-0.25,0.25,↑ in AD,0.7131208267033741,False,False,0.551307833269387
REAC:R-HSA-5693607,Processing of DNA double-strand break ends,REAC,3,-0.1348,-0.1066,-0.0281,0.28104437281213657,0.25,0.25,↓ in AD,0.7131208267033741,False,False,0.5512251059095722
GO:1902494,catalytic complex,GO:CC,18,0.1276,0.1439,-0.0163,0.28109789200741464,0.25,0.25,↓ in AD,0.7131208267033741,False,False,0.5511424112156842
GO:0071813,lipoprotein particle binding,GO:MF,5,0.1077,0.0776,0.03,0.28109789200741464,-0.25,0.25,↑ in AD,0.7131208267033741,False,False,0.5511424112156842
REAC:R-HSA-157118,Signaling by NOTCH,REAC,4,-0.3567,-0.3381,-0.0186,0.28109789200741464,0.25,0.25,↓ in AD,0.7131208267033741,False,False,0.5511424112156842
REAC:R-HSA-166786,Creation of C4 and C2 activators,REAC,9,0.0422,0.0262,0.016,0.28109789200741464,-0.25,0.25,↑ in AD,0.7131208267033741,False,False,0.5511424112156842
GO:0055013,cardiac muscle cell development,GO:BP,4,-0.2985,-0.3473,0.0488,0.28109789200741464,-0.25,0.25,↑ in AD,0.7131208267033741,False,False,0.5511424112156842
GO:1901701,cellular response to oxygen-containing compound,GO:BP,27,0.0782,0.0965,-0.0183,0.30120060673958793,0.24,0.24,↓ in AD,0.7490383509708174,False,False,0.5211441576260861
GO:0071375,cellular response to peptide hormone stimulus,GO:BP,8,0.1917,0.2052,-0.0135,0.30120060673958793,0.24,0.24,↓ in AD,0.7490383509708174,False,False,0.5211441576260861
GO:0001525,angiogenesis,GO:BP,17,0.01,-0.0116,0.0216,0.30120060673958793,-0.24,0.24,↑ in AD,0.7490383509708174,False,False,0.5211441576260861
GO:0002520,immune system development,GO:BP,4,-0.3809,-0.4485,0.0675,0.3220770983209228,-0.23,0.23,↑ in AD,0.7565602603007184,False,False,0.49204015511341914
GO:0086003,cardiac muscle cell contraction,GO:BP,3,0.2929,0.3213,-0.0283,0.3221847977992567,0.23,0.23,↓ in AD,0.7565602603007184,False,False,0.491894955498599
GO:2001236,regulation of extrinsic apoptotic signaling pathway,GO:BP,7,0.0589,0.0339,0.025,0.32223862938734305,-0.23,0.23,↑ in AD,0.7565602603007184,False,False,0.4918223983545658
REAC:R-HSA-9707616,Heme signaling,REAC,4,0.0359,0.0652,-0.0293,0.32223862938734305,0.23,0.23,↓ in AD,0.7565602603007184,False,False,0.4918223983545658
WP:WP1533,Vitamin B12 metabolism,WP,9,0.25,0.2271,0.0229,0.32223862938734305,-0.23,0.23,↑ in AD,0.7565602603007184,False,False,0.4918223983545658
GO:0010466,negative regulation of peptidase activity,GO:BP,4,-0.3491,-0.2737,-0.0754,0.32223862938734305,0.23,0.23,↓ in AD,0.7565602603007184,False,False,0.4918223983545658
GO:0016491,oxidoreductase activity,GO:MF,16,0.1137,0.1526,-0.0389,0.32223862938734305,0.23,0.23,↓ in AD,0.7565602603007184,False,False,0.4918223983545658
GO:0004857,enzyme inhibitor activity,GO:MF,30,0.2725,0.2807,-0.0082,0.32223862938734305,0.23,0.23,↓ in AD,0.7565602603007184,False,False,0.4918223983545658
GO:0001667,ameboidal-type cell migration,GO:BP,5,-0.3429,-0.3539,0.0111,0.32223862938734305,-0.23,0.23,↑ in AD,0.7565602603007184,False,False,0.4918223983545658
GO:0015931,nucleobase-containing compound transport,GO:BP,3,-0.0129,0.0,-0.0129,0.3339238551165865,0.1,0.1,↓ in AD,0.7603808267112633,False,False,0.47635255436452195
GO:0061659,ubiquitin-like protein ligase activity,GO:MF,3,-0.013,0.0,-0.013,0.3339238551165865,0.1,0.1,↓ in AD,0.7603808267112633,False,False,0.47635255436452195
GO:0003755,peptidyl-prolyl cis-trans isomerase activity,GO:MF,3,-0.0218,0.0,-0.0218,0.3339238551165865,0.1,0.1,↓ in AD,0.7603808267112633,False,False,0.47635255436452195
GO:0031267,small GTPase binding,GO:MF,3,-0.0185,0.0,-0.0185,0.3339238551165865,0.1,0.1,↓ in AD,0.7603808267112633,False,False,0.47635255436452195
REAC:R-HSA-2132295,MHC class II antigen presentation,REAC,4,-0.0278,0.0,-0.0278,0.3339238551165865,0.1,0.1,↓ in AD,0.7603808267112633,False,False,0.47635255436452195
GO:0006790,sulfur compound metabolic process,GO:BP,5,0.1842,0.2522,-0.068,0.3442129113242063,0.22,0.22,↓ in AD,0.7698963342044377,False,False,0.46317284344573006
GO:0019865,immunoglobulin binding,GO:MF,3,-0.0823,-0.0854,0.0032,0.3442129113242063,0.22,0.22,↑ in AD,0.7698963342044377,False,False,0.46317284344573006
GO:0046914,transition metal ion binding,GO:MF,24,0.3391,0.3457,-0.0066,0.3442129113242063,0.22,0.22,↓ in AD,0.7698963342044377,False,False,0.46317284344573006
GO:0007566,embryo implantation,GO:BP,3,-0.091,-0.0659,-0.0251,0.3671207455678789,0.21,0.21,↓ in AD,0.7975381714060817,False,False,0.43519107332470974
GO:0042581,specific granule,GO:CC,9,0.3396,0.3349,0.0047,0.3671207455678789,0.21,0.21,↑ in AD,0.7975381714060817,False,False,0.43519107332470974
WP:WP5530,MAPK signaling and ARTD family members,WP,3,-0.3421,-0.2934,-0.0488,0.3671207455678789,0.21,0.21,↓ in AD,0.7975381714060817,False,False,0.43519107332470974
GO:0010639,negative regulation of organelle organization,GO:BP,6,0.2366,0.2762,-0.0396,0.3671207455678789,0.21,0.21,↓ in AD,0.7975381714060817,False,False,0.43519107332470974
GO:0141061,disruption of cell in another organism,GO:BP,15,0.025,0.0411,-0.0161,0.3671207455678789,0.21,0.21,↓ in AD,0.7975381714060817,False,False,0.43519107332470974
GO:0031514,motile cilium,GO:CC,7,-0.3158,-0.3854,0.0696,0.37881678404761954,-0.205,0.205,↑ in AD,0.8182442535428582,False,False,0.4215707871719773
GO:1900024,regulation of substrate adhesion-dependent cell spreading,GO:BP,3,-0.0908,-0.1238,0.033,0.39095562378232207,-0.2,0.2,↑ in AD,0.8210068099428764,False,False,0.4078725352900601
GO:0005813,centrosome,GO:CC,12,0.0118,0.0247,-0.0128,0.39095562378232207,0.2,0.2,↓ in AD,0.8210068099428764,False,False,0.4078725352900601
GO:0016772,"transferase activity, transferring phosphorus-containing groups",GO:MF,16,-0.0414,-0.0334,-0.008,0.39095562378232207,0.2,0.2,↓ in AD,0.8210068099428764,False,False,0.4078725352900601
GO:0003723,RNA binding,GO:MF,21,-0.0435,-0.0272,-0.0163,0.39095562378232207,0.2,0.2,↓ in AD,0.8210068099428764,False,False,0.4078725352900601
GO:0008211,glucocorticoid metabolic process,GO:BP,3,-0.206,-0.1744,-0.0316,0.39095562378232207,0.2,0.2,↓ in AD,0.8210068099428764,False,False,0.4078725352900601
GO:0098662,inorganic cation transmembrane transport,GO:BP,5,-0.0378,-0.0184,-0.0194,0.3970150996016153,0.13,0.13,↓ in AD,0.8245698222495087,False,False,0.40119297548132954
GO:0042254,ribosome biogenesis,GO:BP,6,-0.0376,-0.0273,-0.0103,0.3970150996016153,0.13,0.13,↓ in AD,0.8245698222495087,False,False,0.40119297548132954
KEGG:05016,Huntington disease,KEGG,10,-0.1012,-0.0735,-0.0276,0.41244367127269244,0.17,0.17,↓ in AD,0.8403063652705751,False,False,0.38463535602527565
GO:0050829,defense response to Gram-negative bacterium,GO:BP,3,-0.1937,-0.0832,-0.1105,0.4157071172105755,0.19,0.19,↓ in AD,0.8403063652705751,False,False,0.3812125399902501
GO:2001235,positive regulation of apoptotic signaling pathway,GO:BP,3,0.0695,0.0841,-0.0147,0.4157071172105755,0.19,0.19,↓ in AD,0.8403063652705751,False,False,0.3812125399902501
REAC:R-HSA-1474228,Degradation of the extracellular matrix,REAC,3,0.3739,0.3637,0.0102,0.4157071172105755,-0.19,0.19,↑ in AD,0.8403063652705751,False,False,0.3812125399902501
GO:0051607,defense response to virus,GO:BP,4,-0.116,-0.0973,-0.0187,0.4157071172105755,0.19,0.19,↓ in AD,0.8403063652705751,False,False,0.3812125399902501
GO:0046697,decidualization,GO:BP,3,0.0009,-0.0237,0.0246,0.4222249625802905,-0.1,0.1,↑ in AD,0.848941680081648,False,False,0.3744560941207441
REAC:R-HSA-202733,Cell surface interactions at the vascular wall,REAC,3,0.0542,0.0689,-0.0146,0.44136078370373844,0.18,0.18,↓ in AD,0.8734784096335765,False,False,0.3552062578931956
GO:0043277,apoptotic cell clearance,GO:BP,7,0.3535,0.3597,-0.0062,0.44136078370373844,0.18,0.18,↓ in AD,0.8734784096335765,False,False,0.3552062578931956
GO:0048583,regulation of response to stimulus,GO:BP,109,0.1971,0.1904,0.0067,0.44136078370373844,-0.18,0.18,↑ in AD,0.8734784096335765,False,False,0.3552062578931956
GO:0034391,regulation of smooth muscle cell apoptotic process,GO:BP,4,0.1934,0.2065,-0.0131,0.4678981027906498,0.17,0.17,↓ in AD,0.8915335928575321,False,False,0.3298487157593527
GO:0045807,positive regulation of endocytosis,GO:BP,13,0.2759,0.2712,0.0047,0.4678981027906498,-0.17,0.17,↑ in AD,0.8915335928575321,False,False,0.3298487157593527
GO:0019207,kinase regulator activity,GO:MF,4,-0.0094,-0.0136,0.0042,0.4678981027906498,-0.17,0.17,↑ in AD,0.8915335928575321,False,False,0.3298487157593527
REAC:R-HSA-8856828,Clathrin-mediated endocytosis,REAC,6,-0.266,-0.3138,0.0478,0.4678981027906498,-0.17,0.17,↑ in AD,0.8915335928575321,False,False,0.3298487157593527
GO:0008380,RNA splicing,GO:BP,3,-0.0032,-0.0207,0.0175,0.47270401765479575,-0.09,0.09,↑ in AD,0.8915335928575321,False,False,0.32541070648089615
GO:0061050,regulation of cell growth involved in cardiac muscle cell development,GO:BP,3,-0.0119,0.0098,-0.0217,0.47270401765479575,0.09,0.09,↓ in AD,0.8915335928575321,False,False,0.32541070648089615
GO:0000151,ubiquitin ligase complex,GO:CC,3,0.002,0.0073,-0.0053,0.47270401765479575,0.09,0.09,↓ in AD,0.8915335928575321,False,False,0.32541070648089615
GO:0030307,positive regulation of cell growth,GO:BP,3,-0.0148,0.0098,-0.0246,0.47270401765479575,0.09,0.09,↓ in AD,0.8915335928575321,False,False,0.32541070648089615
GO:0043268,positive regulation of potassium ion transport,GO:BP,4,-0.0345,-0.0184,-0.0161,0.47945114954482815,0.1,0.1,↓ in AD,0.8915335928575321,False,False,0.3192556357589849
REAC:R-HSA-69620,Cell Cycle Checkpoints,REAC,4,-0.039,0.0,-0.039,0.47945114954482815,0.1,0.1,↓ in AD,0.8915335928575321,False,False,0.3192556357589849
REAC:R-HSA-1640170,Cell Cycle,REAC,12,-0.2971,-0.3704,0.0733,0.48144244883332454,-0.165,0.165,↑ in AD,0.8915335928575321,False,False,0.31745562058086574
GO:0031968,organelle outer membrane,GO:CC,3,0.1845,0.1609,0.0236,0.49529644047640675,-0.16,0.16,↑ in AD,0.8915335928575321,False,False,0.3051347931300204
GO:0009566,fertilization,GO:BP,3,-0.2622,-0.3125,0.0503,0.49529644047640675,0.16,0.16,↑ in AD,0.8915335928575321,False,False,0.3051347931300204
KEGG:05415,Diabetic cardiomyopathy,KEGG,4,0.2458,0.2301,0.0157,0.49529644047640675,-0.16,0.16,↑ in AD,0.8915335928575321,False,False,0.3051347931300204
WP:WP2877,Vitamin D receptor pathway,WP,7,0.2805,0.2908,-0.0103,0.49529644047640675,0.16,0.16,↓ in AD,0.8915335928575321,False,False,0.3051347931300204
GO:0043603,amide metabolic process,GO:BP,7,0.2131,0.1914,0.0216,0.49529644047640675,-0.16,0.16,↑ in AD,0.8915335928575321,False,False,0.3051347931300204
GO:0030225,macrophage differentiation,GO:BP,3,0.0818,0.0959,-0.0141,0.49529644047640675,0.16,0.16,↓ in AD,0.8915335928575321,False,False,0.3051347931300204
GO:0001819,positive regulation of cytokine production,GO:BP,13,-0.0288,-0.016,-0.0129,0.49529644047640675,0.16,0.16,↓ in AD,0.8915335928575321,False,False,0.3051347931300204
GO:0008237,metallopeptidase activity,GO:MF,6,-0.2884,-0.3004,0.012,0.49529644047640675,-0.16,0.16,↑ in AD,0.8915335928575321,False,False,0.3051347931300204
GO:0007224,smoothened signaling pathway,GO:BP,3,0.2328,0.2537,-0.0208,0.5092631761727193,0.155,0.155,↓ in AD,0.908128689812379,False,False,0.29305772567570815
GO:0045765,regulation of angiogenesis,GO:BP,12,0.094,0.0996,-0.0056,0.5235290451686408,0.15,0.15,↓ in AD,0.908128689812379,False,False,0.2810592188436944
GO:0015630,microtubule cytoskeleton,GO:CC,24,0.1048,0.1305,-0.0257,0.5235290451686408,0.15,0.15,↓ in AD,0.908128689812379,False,False,0.2810592188436944
WP:WP383,Striated muscle contraction pathway,WP,4,-0.3609,-0.3835,0.0226,0.5235290451686408,-0.15,0.15,↑ in AD,0.908128689812379,False,False,0.2810592188436944
GO:0048863,stem cell differentiation,GO:BP,3,0.346,0.347,-0.001,0.5235290451686408,0.15,0.15,↓ in AD,0.908128689812379,False,False,0.2810592188436944
GO:0009925,basal plasma membrane,GO:CC,4,-0.0339,-0.0448,0.0109,0.5269001748474018,-0.09,0.09,↑ in AD,0.908128689812379,False,False,0.27827165731020814
GO:0016866,intramolecular transferase activity,GO:MF,3,-0.021,-0.0299,0.009,0.5269001748474018,-0.09,0.09,↑ in AD,0.908128689812379,False,False,0.27827165731020814
GO:0006605,protein targeting,GO:BP,4,-0.0187,-0.0154,-0.0033,0.5269001748474018,0.09,0.09,↓ in AD,0.908128689812379,False,False,0.27827165731020814
GO:0006766,vitamin metabolic process,GO:BP,4,-0.0467,-0.0438,-0.0029,0.5289775325006449,-0.105,0.105,↓ in AD,0.908128689812379,False,False,0.2765627735568874
GO:0036126,sperm flagellum,GO:CC,5,-0.0269,-0.0538,0.0269,0.5497804077758626,-0.1,0.1,↑ in AD,0.908128689812379,False,False,0.2598107409320573
GO:0016757,glycosyltransferase activity,GO:MF,4,-0.1252,-0.1071,-0.0181,0.5525208805279886,0.14,0.14,↓ in AD,0.908128689812379,False,False,0.25765130474379144
REAC:R-HSA-166058,MyD88:MAL(TIRAP) cascade initiated on plasma membrane,REAC,5,-0.2286,-0.1862,-0.0424,0.5525650758117651,0.14,0.14,↓ in AD,0.908128689812379,False,False,0.2576165675945763
GO:0032677,regulation of interleukin-8 production,GO:BP,5,-0.1537,-0.201,0.0473,0.5525650758117651,-0.14,0.14,↑ in AD,0.908128689812379,False,False,0.2576165675945763
REAC:R-HSA-109582,Hemostasis,REAC,42,0.1851,0.1941,-0.009,0.5525650758117651,0.14,0.14,↓ in AD,0.908128689812379,False,False,0.2576165675945763
GO:0045727,positive regulation of translation,GO:BP,4,-0.3297,-0.3462,0.0165,0.5525650758117651,-0.14,0.14,↑ in AD,0.908128689812379,False,False,0.2576165675945763
GO:0140096,"catalytic activity, acting on a protein",GO:MF,73,0.265,0.2714,-0.0063,0.5525650758117651,0.14,0.14,↓ in AD,0.908128689812379,False,False,0.2576165675945763
GO:0009617,response to bacterium,GO:BP,31,0.2477,0.2448,0.003,0.5525650758117651,-0.14,0.14,↑ in AD,0.908128689812379,False,False,0.2576165675945763
GO:0051602,response to electrical stimulus,GO:BP,3,-0.2356,-0.2329,-0.0027,0.5525650758117651,-0.14,0.14,↓ in AD,0.908128689812379,False,False,0.2576165675945763
GO:0032757,positive regulation of interleukin-8 production,GO:BP,4,-0.2495,-0.2269,-0.0225,0.5525650758117651,0.14,0.14,↓ in AD,0.908128689812379,False,False,0.2576165675945763
GO:0051384,response to glucocorticoid,GO:BP,5,0.4287,0.4257,0.0029,0.5525650758117651,0.14,0.14,↑ in AD,0.908128689812379,False,False,0.2576165675945763
GO:0071466,cellular response to xenobiotic stimulus,GO:BP,3,-0.0375,-0.0355,-0.002,0.5766365295200134,-0.08,0.08,↓ in AD,0.9249400529447699,False,False,0.23909784882527696
GO:0042578,phosphoric ester hydrolase activity,GO:MF,6,0.003,-0.0237,0.0267,0.582327698586617,-0.13,0.13,↑ in AD,0.9249400529447699,False,False,0.23483255205712988
GO:0098978,glutamatergic synapse,GO:CC,12,0.1246,0.1206,0.004,0.5823696629652255,-0.13,0.13,↑ in AD,0.9249400529447699,False,False,0.23480125654865588
GO:0071682,endocytic vesicle lumen,GO:CC,5,0.3292,0.3349,-0.0057,0.5823696629652255,0.13,0.13,↓ in AD,0.9249400529447699,False,False,0.23480125654865588
GO:0051050,positive regulation of transport,GO:BP,30,0.1977,0.1975,0.0002,0.5823696629652255,-0.13,0.13,↑ in AD,0.9249400529447699,False,False,0.23480125654865588
GO:0050821,protein stabilization,GO:BP,5,-0.1159,-0.0832,-0.0327,0.5823696629652255,0.13,0.13,↓ in AD,0.9249400529447699,False,False,0.23480125654865588
GO:0050777,negative regulation of immune response,GO:BP,10,0.2042,0.2166,-0.0124,0.5823696629652255,0.13,0.13,↓ in AD,0.9249400529447699,False,False,0.23480125654865588
GO:0020037,heme binding,GO:MF,5,0.1693,0.1752,-0.006,0.5823696629652255,0.13,0.13,↓ in AD,0.9249400529447699,False,False,0.23480125654865588
GO:0031966,mitochondrial membrane,GO:CC,7,0.3422,0.3416,0.0006,0.5975074232860038,0.125,0.125,↑ in AD,0.9310853506298559,False,False,0.22365669477794597
GO:0001917,photoreceptor inner segment,GO:CC,3,-0.0025,-0.008,0.0055,0.6110693468012701,-0.055,0.055,↑ in AD,0.9310853506298559,False,False,0.2139095013381913
GO:0098839,postsynaptic density membrane,GO:CC,3,-0.0113,-0.0282,0.0169,0.6110693468012701,-0.055,0.055,↑ in AD,0.9310853506298559,False,False,0.2139095013381913
WP:WP2355,Corticotropin releasing hormone signaling,WP,3,-0.0184,-0.0695,0.0511,0.6113281709589862,-0.08,0.08,↑ in AD,0.9310853506298559,False,False,0.21372559077959483
REAC:R-HSA-9707564,Cytoprotection by HMOX1,REAC,3,0.4836,0.485,-0.0013,0.6129040031966836,0.12,0.12,↓ in AD,0.9310853506298559,False,False,0.2126075420341652
KEGG:05133,Pertussis,KEGG,14,0.2567,0.264,-0.0073,0.6129040031966836,0.12,0.12,↓ in AD,0.9310853506298559,False,False,0.2126075420341652
GO:0046474,glycerophospholipid biosynthetic process,GO:BP,3,-0.4141,-0.4165,0.0023,0.6129040031966836,0.12,0.12,↑ in AD,0.9310853506298559,False,False,0.2126075420341652
GO:0030424,axon,GO:CC,9,0.2575,0.2611,-0.0036,0.6129040031966836,0.12,0.12,↓ in AD,0.9310853506298559,False,False,0.2126075420341652
REAC:R-HSA-1474244,Extracellular matrix organization,REAC,10,0.1339,0.1404,-0.0065,0.6129040031966836,0.12,0.12,↓ in AD,0.9310853506298559,False,False,0.2126075420341652
GO:0001890,placenta development,GO:BP,4,-0.0393,-0.0237,-0.0155,0.6140071621751478,0.09,0.09,↓ in AD,0.9310853506298559,False,False,0.21182656293863092
GO:0042391,regulation of membrane potential,GO:BP,8,0.4863,0.4962,-0.0099,0.6140071621751478,0.09,0.09,↓ in AD,0.9310853506298559,False,False,0.21182656293863092
GO:2000352,negative regulation of endothelial cell apoptotic process,GO:BP,4,-0.4279,-0.4578,0.0299,0.6280106988872877,-0.115,0.115,↑ in AD,0.9310853506298559,False,False,0.2020329574918925
GO:0031503,protein-containing complex localization,GO:BP,5,0.2107,0.2273,-0.0166,0.6283934494162,0.115,0.115,↓ in AD,0.9310853506298559,False,False,0.20176835083961606
WP:WP3584,MECP2 and associated Rett syndrome,WP,5,0.1028,0.1261,-0.0233,0.644125486780133,0.11,0.11,↓ in AD,0.9310853506298559,False,False,0.19102951632462659
GO:0005509,calcium ion binding,GO:MF,28,0.015,0.0168,-0.0017,0.644125486780133,0.11,0.11,↓ in AD,0.9310853506298559,False,False,0.19102951632462659
REAC:R-HSA-8957322,Metabolism of steroids,REAC,6,0.4905,0.4884,0.002,0.644125486780133,0.11,0.11,↑ in AD,0.9310853506298559,False,False,0.19102951632462659
GO:0016787,hydrolase activity,GO:MF,103,0.203,0.2083,-0.0053,0.644125486780133,0.11,0.11,↓ in AD,0.9310853506298559,False,False,0.19102951632462659
GO:0002011,morphogenesis of an epithelial sheet,GO:BP,3,0.1193,0.1155,0.0038,0.644125486780133,-0.11,0.11,↑ in AD,0.9310853506298559,False,False,0.19102951632462659
WP:WP4673,Male infertility,WP,5,-0.0222,0.0241,-0.0463,0.644125486780133,0.11,0.11,↓ in AD,0.9310853506298559,False,False,0.19102951632462659
GO:0051258,protein polymerization,GO:BP,10,0.2286,0.2553,-0.0266,0.644125486780133,0.11,0.11,↓ in AD,0.9310853506298559,False,False,0.19102951632462659
GO:0004197,cysteine-type endopeptidase activity,GO:MF,5,0.3469,0.3431,0.0038,0.644125486780133,-0.11,0.11,↑ in AD,0.9310853506298559,False,False,0.19102951632462659
GO:0007411,axon guidance,GO:BP,5,-0.0514,-0.0219,-0.0295,0.6551324581600352,0.065,0.065,↓ in AD,0.9310853506298559,False,False,0.1836708831652343
GO:0006081,aldehyde metabolic process,GO:BP,3,-0.0062,-0.04,0.0337,0.6551324581600352,-0.065,0.065,↑ in AD,0.9310853506298559,False,False,0.1836708831652343
GO:0061844,antimicrobial humoral immune response mediated by antimicrobial peptide,GO:BP,5,0.1486,0.1449,0.0038,0.6759878582977128,-0.1,0.1,↑ in AD,0.9310853506298559,False,False,0.17006110453419235
GO:0040017,positive regulation of locomotion,GO:BP,14,-0.1333,-0.1312,-0.0021,0.6759878582977128,-0.1,0.1,↓ in AD,0.9310853506298559,False,False,0.17006110453419235
GO:0017124,SH3 domain binding,GO:MF,3,-0.0511,-0.0455,-0.0056,0.6759878582977128,0.1,0.1,↓ in AD,0.9310853506298559,False,False,0.17006110453419235
WP:WP4172,PI3K Akt signaling,WP,4,-0.4092,-0.4046,-0.0046,0.6759878582977128,0.1,0.1,↓ in AD,0.9310853506298559,False,False,0.17006110453419235
GO:0045596,negative regulation of cell differentiation,GO:BP,16,-0.03,-0.0379,0.0079,0.6759878582977128,-0.1,0.1,↑ in AD,0.9310853506298559,False,False,0.17006110453419235
GO:1905953,negative regulation of lipid localization,GO:BP,6,0.0336,0.0157,0.0179,0.6759878582977128,-0.1,0.1,↑ in AD,0.9310853506298559,False,False,0.17006110453419235
GO:0002683,negative regulation of immune system process,GO:BP,18,0.1282,0.1237,0.0045,0.6759878582977128,-0.1,0.1,↑ in AD,0.9310853506298559,False,False,0.17006110453419235
GO:0009897,external side of plasma membrane,GO:CC,15,-0.2625,-0.2602,-0.0024,0.6759878582977128,0.1,0.1,↓ in AD,0.9310853506298559,False,False,0.17006110453419235
GO:0030198,extracellular matrix organization,GO:BP,10,-0.0358,-0.023,-0.0127,0.6759878582977128,0.1,0.1,↓ in AD,0.9310853506298559,False,False,0.17006110453419235
GO:0007165,signal transduction,GO:BP,87,0.1111,0.1089,0.0023,0.6759878582977128,-0.1,0.1,↑ in AD,0.9310853506298559,False,False,0.17006110453419235
GO:0035249,"synaptic transmission, glutamatergic",GO:BP,3,-0.0113,-0.0219,0.0106,0.6841269000528016,-0.045,0.045,↑ in AD,0.9310853506298559,False,False,0.164863332664456
GO:0004518,nuclease activity,GO:MF,4,-0.0608,-0.031,-0.0299,0.6997274331005794,0.07,0.07,↓ in AD,0.9310853506298559,False,False,0.1550710990610585
GO:0010737,protein kinase A signaling,GO:BP,3,-0.0066,0.0017,-0.0083,0.703824136115198,0.05,0.05,↓ in AD,0.9310853506298559,False,False,0.15253584406247642
GO:1901018,positive regulation of potassium ion transmembrane transporter activity,GO:BP,3,-0.0162,-0.0184,0.0022,0.703824136115198,0.05,0.05,↑ in AD,0.9310853506298559,False,False,0.15253584406247642
GO:0070936,protein K48-linked ubiquitination,GO:BP,3,-0.0011,0.0,-0.0011,0.703824136115198,0.05,0.05,↓ in AD,0.9310853506298559,False,False,0.15253584406247642
GO:0002753,cytoplasmic pattern recognition receptor signaling pathway,GO:BP,3,-0.0018,0.0,-0.0018,0.703824136115198,0.05,0.05,↓ in AD,0.9310853506298559,False,False,0.15253584406247642
GO:0072666,establishment of protein localization to vacuole,GO:BP,3,-0.0085,0.0,-0.0085,0.703824136115198,0.05,0.05,↓ in AD,0.9310853506298559,False,False,0.15253584406247642
GO:0019787,ubiquitin-like protein transferase activity,GO:MF,4,-0.0028,0.0,-0.0028,0.703824136115198,0.05,0.05,↓ in AD,0.9310853506298559,False,False,0.15253584406247642
REAC:R-HSA-3700989,Transcriptional Regulation by TP53,REAC,5,-0.3925,-0.4334,0.0409,0.7083485218952902,-0.09,0.09,↑ in AD,0.9310853506298559,False,False,0.14975300799743704
GO:0010038,response to metal ion,GO:BP,10,-0.2352,-0.2247,-0.0105,0.7084414093482762,0.09,0.09,↓ in AD,0.9310853506298559,False,False,0.1496960616464812
GO:0001501,skeletal system development,GO:BP,10,0.3399,0.305,0.0348,0.7084414093482762,-0.09,0.09,↑ in AD,0.9310853506298559,False,False,0.1496960616464812
WP:WP4352,Ciliary landscape,WP,3,0.1685,0.1638,0.0048,0.7084414093482762,-0.09,0.09,↑ in AD,0.9310853506298559,False,False,0.1496960616464812
GO:0150172,regulation of phosphatidylcholine metabolic process,GO:BP,3,0.0779,0.0757,0.0022,0.7084414093482762,-0.09,0.09,↑ in AD,0.9310853506298559,False,False,0.1496960616464812
GO:0045619,regulation of lymphocyte differentiation,GO:BP,3,-0.0537,-0.0617,0.008,0.7084414093482762,-0.09,0.09,↑ in AD,0.9310853506298559,False,False,0.1496960616464812
GO:0004674,protein serine/threonine kinase activity,GO:MF,5,-0.2899,-0.2934,0.0035,0.7084414093482762,-0.09,0.09,↑ in AD,0.9310853506298559,False,False,0.1496960616464812
GO:0005604,basement membrane,GO:CC,6,-0.2431,-0.2311,-0.012,0.7084414093482762,0.09,0.09,↓ in AD,0.9310853506298559,False,False,0.1496960616464812
GO:0033273,response to vitamin,GO:BP,3,-0.0452,-0.0717,0.0264,0.709398362384652,-0.06,0.06,↑ in AD,0.9310853506298559,False,False,0.14910981841289195
GO:0007281,germ cell development,GO:BP,6,-0.0568,-0.0354,-0.0214,0.7243201907715289,0.07,0.07,↓ in AD,0.9473807339503042,False,False,0.14006940846428106
GO:0033116,endoplasmic reticulum-Golgi intermediate compartment membrane,GO:CC,3,-0.0462,-0.0628,0.0166,0.7347038321494637,-0.055,0.055,↑ in AD,0.9532712599350124,False,False,0.13388769490854913
GO:0009593,detection of chemical stimulus,GO:BP,4,0.4107,0.4138,-0.003,0.7414332021716763,0.08,0.08,↓ in AD,0.9532712599350124,False,False,0.12992796969965634
GO:0032496,response to lipopolysaccharide,GO:BP,11,0.2204,0.2168,0.0036,0.7414332021716763,-0.08,0.08,↑ in AD,0.9532712599350124,False,False,0.12992796969965634
GO:0034366,spherical high-density lipoprotein particle,GO:CC,4,0.202,0.2091,-0.0071,0.7414332021716763,0.08,0.08,↓ in AD,0.9532712599350124,False,False,0.12992796969965634
GO:0016301,kinase activity,GO:MF,12,-0.0306,-0.0239,-0.0067,0.7414332021716763,0.08,0.08,↓ in AD,0.9532712599350124,False,False,0.12992796969965634
KEGG:04144,Endocytosis,KEGG,6,-0.0422,-0.034,-0.0082,0.7658845478716918,0.045,0.045,↓ in AD,0.9635360787734297,False,False,0.11583669250997441
GO:0022890,inorganic cation transmembrane transporter activity,GO:MF,5,-0.0428,-0.0282,-0.0146,0.7658845478716918,0.045,0.045,↓ in AD,0.9635360787734297,False,False,0.11583669250997441
GO:0030276,clathrin binding,GO:MF,4,-0.0411,-0.034,-0.0071,0.7658845478716918,0.045,0.045,↓ in AD,0.9635360787734297,False,False,0.11583669250997441
GO:0016607,nuclear speck,GO:CC,3,-0.0034,-0.0109,0.0076,0.7674724608119228,0.04,0.04,↑ in AD,0.9635360787734297,False,False,0.11493719934523547
GO:0005520,insulin-like growth factor binding,GO:MF,3,-0.3453,-0.3486,0.0032,0.7748585807104369,0.07,0.07,↑ in AD,0.9635360787734297,False,False,0.11077755326325062
GO:0110165,cellular anatomical structure,GO:CC,272,0.1671,0.1765,-0.0095,0.7749073226114355,0.07,0.07,↓ in AD,0.9635360787734297,False,False,0.1107502351520407
GO:0050922,negative regulation of chemotaxis,GO:BP,3,0.0622,0.0738,-0.0116,0.7749073226114355,0.07,0.07,↓ in AD,0.9635360787734297,False,False,0.1107502351520407
GO:0046785,microtubule polymerization,GO:BP,4,-0.4108,-0.4266,0.0158,0.7749073226114355,-0.07,0.07,↑ in AD,0.9635360787734297,False,False,0.1107502351520407
GO:0044403,biological process involved in symbiotic interaction,GO:BP,11,0.0078,0.0204,-0.0126,0.7749073226114355,0.07,0.07,↓ in AD,0.9635360787734297,False,False,0.1107502351520407
GO:0043022,ribosome binding,GO:MF,3,-0.2627,-0.2614,-0.0013,0.7749073226114355,-0.07,0.07,↓ in AD,0.9635360787734297,False,False,0.1107502351520407
WP:WP231,TNF alpha signaling,WP,4,-0.0087,-0.0035,-0.0052,0.7894575607442124,0.05,0.05,↓ in AD,0.9781537923525117,False,False,0.1026712116088238
GO:0006801,superoxide metabolic process,GO:BP,4,0.0668,0.0653,0.0015,0.8088051604661488,0.06,0.06,↑ in AD,0.9781537923525117,False,False,0.09215608645411921
GO:0043491,phosphatidylinositol 3-kinase/protein kinase B signal transduction,GO:BP,8,-0.1086,-0.1107,0.002,0.8088051604661488,-0.06,0.06,↑ in AD,0.9781537923525117,False,False,0.09215608645411921
GO:0007018,microtubule-based movement,GO:BP,11,0.2098,0.2028,0.007,0.8088051604661488,-0.06,0.06,↑ in AD,0.9781537923525117,False,False,0.09215608645411921
REAC:R-HSA-6803157,Antimicrobial peptides,REAC,3,0.109,0.1042,0.0048,0.8088051604661488,-0.06,0.06,↑ in AD,0.9781537923525117,False,False,0.09215608645411921
GO:0045860,positive regulation of protein kinase activity,GO:BP,6,0.0684,0.0652,0.0032,0.8088051604661488,0.06,0.06,↑ in AD,0.9781537923525117,False,False,0.09215608645411921
GO:0006909,phagocytosis,GO:BP,19,0.2664,0.268,-0.0015,0.8088051604661488,0.06,0.06,↓ in AD,0.9781537923525117,False,False,0.09215608645411921
REAC:R-HSA-2871796,FCERI mediated MAPK activation,REAC,3,0.0115,-0.0132,0.0247,0.8125404518483827,0.04,0.04,↑ in AD,0.9781537923525117,False,False,0.0901550087155846
GO:1902495,transmembrane transporter complex,GO:CC,6,-0.0221,-0.0184,-0.0037,0.8125404518483827,0.04,0.04,↓ in AD,0.9781537923525117,False,False,0.0901550087155846
GO:0050906,detection of stimulus involved in sensory perception,GO:BP,4,-0.0171,-0.0153,-0.0018,0.8125404518483827,-0.04,0.04,↓ in AD,0.9781537923525117,False,False,0.0901550087155846
REAC:R-HSA-2565942,Regulation of PLK1 Activity at G2/M Transition,REAC,4,-0.0164,-0.0282,0.0118,0.8232850876614246,0.035,0.035,↑ in AD,0.9847972420880908,False,False,0.08444975098591542
REAC:R-HSA-390466,Chaperonin-mediated protein folding,REAC,3,-0.2685,-0.2583,-0.0102,0.8258749358251979,-0.055,0.055,↓ in AD,0.9847972420880908,False,False,0.08308571393057712
REAC:R-HSA-380320,Recruitment of NuMA to mitotic centrosomes,REAC,4,-0.3454,-0.3704,0.025,0.8258749358251979,-0.055,0.055,↑ in AD,0.9847972420880908,False,False,0.08308571393057712
WP:WP4136,Fibrin complement receptor 3 signaling,WP,4,-0.2353,-0.2251,-0.0102,0.8430657149277024,0.05,0.05,↓ in AD,0.9896858392629551,False,False,0.07413857185431645
GO:0048839,inner ear development,GO:BP,4,0.1586,0.1656,-0.007,0.8430657149277024,0.05,0.05,↓ in AD,0.9896858392629551,False,False,0.07413857185431645
GO:0005929,cilium,GO:CC,12,-0.0387,-0.0344,-0.0043,0.8430657149277024,-0.05,0.05,↓ in AD,0.9896858392629551,False,False,0.07413857185431645
GO:0005215,transporter activity,GO:MF,21,0.1754,0.1773,-0.0019,0.8430657149277024,0.05,0.05,↓ in AD,0.9896858392629551,False,False,0.07413857185431645
GO:1903532,positive regulation of secretion by cell,GO:BP,6,-0.21,-0.2164,0.0064,0.8430657149277024,0.05,0.05,↑ in AD,0.9896858392629551,False,False,0.07413857185431645
GO:0044325,transmembrane transporter binding,GO:MF,4,-0.458,-0.4408,-0.0172,0.8602354192885547,0.045,0.045,↓ in AD,1.0,False,False,0.06538267979530663
GO:0051301,cell division,GO:BP,8,-0.2866,-0.294,0.0074,0.8602969938114395,0.045,0.045,↑ in AD,1.0,False,False,0.06535159467848754
GO:0005179,hormone activity,GO:MF,4,0.3029,0.3076,-0.0047,0.8776259224779746,-0.04,0.04,↓ in AD,1.0,False,False,0.05669055746744271
REAC:R-HSA-173736,Alternative complement activation,REAC,3,0.3113,0.307,0.0043,0.8776259224779746,-0.04,0.04,↑ in AD,1.0,False,False,0.05669055746744271
GO:0030280,structural constituent of skin epidermis,GO:MF,4,-0.0688,-0.0733,0.0046,0.8820731046988906,0.03,0.03,↑ in AD,1.0,False,False,0.054495419798290055
GO:0010970,transport along microtubule,GO:BP,4,0.224,0.2429,-0.0188,0.8949865958317159,-0.035,0.035,↓ in AD,1.0,False,False,0.048183469041532874
GO:0030216,keratinocyte differentiation,GO:BP,6,-0.3459,-0.3702,0.0243,0.8949865958317159,-0.035,0.035,↑ in AD,1.0,False,False,0.048183469041532874
REAC:R-HSA-68886,M Phase,REAC,9,-0.334,-0.3704,0.0363,0.8949865958317159,0.035,0.035,↑ in AD,1.0,False,False,0.048183469041532874
GO:0005775,vacuolar lumen,GO:CC,4,0.0217,0.0097,0.012,0.9124210043205884,0.03,0.03,↑ in AD,1.0,False,False,0.03980472563614969
GO:0016525,negative regulation of angiogenesis,GO:BP,3,0.2442,0.2447,-0.0006,0.9124210043205884,0.03,0.03,↓ in AD,1.0,False,False,0.03980472563614969
REAC:R-HSA-174577,Activation of C3 and C5,REAC,6,0.3314,0.3332,-0.0018,0.9124210043205884,-0.03,0.03,↓ in AD,1.0,False,False,0.03980472563614969
GO:0009887,animal organ morphogenesis,GO:BP,17,0.0104,0.0038,0.0065,0.9124210043205884,-0.03,0.03,↑ in AD,1.0,False,False,0.03980472563614969
GO:0007584,response to nutrient,GO:BP,6,0.3026,0.3032,-0.0006,0.9124210043205884,0.03,0.03,↓ in AD,1.0,False,False,0.03980472563614969
WP:WP5104,Acquired partial lipodystrophy Barraquer Simons syndrome,WP,3,0.2292,0.2312,-0.002,0.9124210043205884,0.03,0.03,↓ in AD,1.0,False,False,0.03980472563614969
GO:0001775,cell activation,GO:BP,25,0.0949,0.0994,-0.0045,0.9124210043205884,0.03,0.03,↓ in AD,1.0,False,False,0.03980472563614969
GO:1902106,negative regulation of leukocyte differentiation,GO:BP,3,0.1076,0.1013,0.0063,0.9124210043205884,-0.03,0.03,↑ in AD,1.0,False,False,0.03980472563614969
GO:0016324,apical plasma membrane,GO:CC,4,-0.0491,-0.0201,-0.0289,0.919045842484748,-0.02,0.02,↓ in AD,1.0,False,False,0.03666282523889914
WP:WP5348,11p11 2 copy number variation syndrome ,WP,3,-0.2709,-0.2494,-0.0214,0.9298782196512396,0.025,0.025,↓ in AD,1.0,False,False,0.03157392456064589
GO:0035966,response to topologically incorrect protein,GO:BP,4,-0.0837,-0.0751,-0.0086,0.9473848301654796,0.02,0.02,↓ in AD,1.0,False,False,0.02347357361710723
GO:0071695,anatomical structure maturation,GO:BP,4,0.0895,0.1079,-0.0184,0.9473848301654796,-0.02,0.02,↓ in AD,1.0,False,False,0.02347357361710723
GO:0098581,detection of external biotic stimulus,GO:BP,4,0.3067,0.3063,0.0004,0.9473848301654796,-0.02,0.02,↑ in AD,1.0,False,False,0.02347357361710723
GO:0032102,negative regulation of response to external stimulus,GO:BP,24,0.1561,0.1572,-0.0011,0.9473848301654796,-0.02,0.02,↓ in AD,1.0,False,False,0.02347357361710723
GO:0004252,serine-type endopeptidase activity,GO:MF,38,0.2777,0.2782,-0.0004,0.9473848301654796,0.02,0.02,↓ in AD,1.0,False,False,0.02347357361710723
GO:0030246,carbohydrate binding,GO:MF,9,0.3697,0.3561,0.0136,0.9473848301654796,-0.02,0.02,↑ in AD,1.0,False,False,0.02347357361710723
GO:0006968,cellular defense response,GO:BP,3,-0.141,-0.1503,0.0093,0.9473848301654796,-0.02,0.02,↑ in AD,1.0,False,False,0.02347357361710723
GO:0031099,regeneration,GO:BP,6,0.1806,0.1746,0.006,0.9473848301654796,-0.02,0.02,↑ in AD,1.0,False,False,0.02347357361710723
REAC:R-HSA-1852241,Organelle biogenesis and maintenance,REAC,5,0.2329,0.2076,0.0253,0.9649051778670991,-0.015,0.015,↑ in AD,1.0,False,False,0.015515363083615981
GO:0038061,non-canonical NF-kappaB signal transduction,GO:BP,3,-0.0321,-0.0213,-0.0107,0.966307075684792,0.01,0.01,↓ in AD,1.0,False,False,0.014884840372050269
GO:0045921,positive regulation of exocytosis,GO:BP,3,-0.0275,-0.0244,-0.0031,0.966307075684792,0.01,0.01,↓ in AD,1.0,False,False,0.014884840372050269
GO:0098791,Golgi apparatus subcompartment,GO:CC,3,-0.023,-0.0282,0.0052,0.966307075684792,-0.01,0.01,↑ in AD,1.0,False,False,0.014884840372050269
GO:0003777,microtubule motor activity,GO:MF,4,-0.0299,-0.0239,-0.006,0.966307075684792,0.01,0.01,↓ in AD,1.0,False,False,0.014884840372050269
GO:0001669,acrosomal vesicle,GO:CC,3,-0.0191,-0.0115,-0.0076,0.966307075684792,0.01,0.01,↓ in AD,1.0,False,False,0.014884840372050269
GO:0030018,Z disc,GO:CC,3,-0.0272,-0.0108,-0.0164,0.966307075684792,0.01,0.01,↓ in AD,1.0,False,False,0.014884840372050269
GO:0010811,positive regulation of cell-substrate adhesion,GO:BP,5,0.1463,0.1272,0.0191,0.9824502949659324,0.01,0.01,↑ in AD,1.0,False,False,0.007689412624875988
WP:WP5473,Cytokine cytokine receptor interaction,WP,3,0.0362,0.0355,0.0007,0.9824502949659324,-0.01,0.01,↑ in AD,1.0,False,False,0.007689412624875988
GO:0010628,positive regulation of gene expression,GO:BP,35,0.0018,0.0059,-0.004,0.9824502949659324,0.01,0.01,↓ in AD,1.0,False,False,0.007689412624875988
GO:0006979,response to oxidative stress,GO:BP,16,0.2525,0.2509,0.0016,0.9824502949659324,-0.01,0.01,↑ in AD,1.0,False,False,0.007689412624875988
GO:0071621,granulocyte chemotaxis,GO:BP,3,-0.3627,-0.3356,-0.0271,0.9824502949659324,0.01,0.01,↓ in AD,1.0,False,False,0.007689412624875988
REAC:R-HSA-168898,Toll-like Receptor Cascades,REAC,7,-0.1498,-0.1884,0.0385,0.9824502949659324,0.01,0.01,↑ in AD,1.0,False,False,0.007689412624875988
GO:0032675,regulation of interleukin-6 production,GO:BP,3,-0.2144,-0.215,0.0006,0.9824502949659324,-0.01,0.01,↑ in AD,1.0,False,False,0.007689412624875988
GO:0007417,central nervous system development,GO:BP,14,0.0782,0.0823,-0.0041,0.9824502949659324,0.01,0.01,↓ in AD,1.0,False,False,0.007689412624875988
GO:0036094,small molecule binding,GO:MF,116,0.1413,0.1419,-0.0006,0.9824502949659324,0.01,0.01,↓ in AD,1.0,False,False,0.007689412624875988
GO:0043232,intracellular membraneless organelle,GO:CC,60,0.0368,0.0385,-0.0017,0.9824502949659324,0.01,0.01,↓ in AD,1.0,False,False,0.007689412624875988
GO:0002764,immune response-regulating signaling pathway,GO:BP,13,-0.2753,-0.2843,0.0089,0.9824502949659324,0.01,0.01,↑ in AD,1.0,False,False,0.007689412624875988
GO:0032760,positive regulation of tumor necrosis factor production,GO:BP,5,-0.2247,-0.2353,0.0106,0.9824502949659324,-0.01,0.01,↑ in AD,1.0,False,False,0.007689412624875988
GO:0050921,positive regulation of chemotaxis,GO:BP,6,-0.2008,-0.2123,0.0115,0.9824502949659324,-0.01,0.01,↑ in AD,1.0,False,False,0.007689412624875988
GO:0030212,hyaluronan metabolic process,GO:BP,5,-0.0743,-0.0695,-0.0048,0.9824502949659324,0.01,0.01,↓ in AD,1.0,False,False,0.007689412624875988
GO:0016779,nucleotidyltransferase activity,GO:MF,4,-0.0766,-0.0741,-0.0025,1.0,0.0,0.0,↓ in AD,1.0,False,False,-0.0
REAC:R-HSA-110362,POLB-Dependent Long Patch Base Excision Repair,REAC,3,-0.0009,0.0,-0.0009,1.0,0.0,0.0,↓ in AD,1.0,False,False,-0.0
GO:0061024,membrane organization,GO:BP,10,0.2374,0.2412,-0.0038,1.0,0.0,0.0,↓ in AD,1.0,False,False,-0.0
REAC:R-HSA-3299685,Detoxification of Reactive Oxygen Species,REAC,4,-0.3992,-0.4192,0.02,1.0,0.0,0.0,↑ in AD,1.0,False,False,-0.0
GO:0034237,protein kinase A regulatory subunit binding,GO:MF,3,0.0,-0.0222,0.0222,1.0,0.0,0.0,↑ in AD,1.0,False,False,-0.0
GO:0014069,postsynaptic density,GO:CC,4,-0.0255,-0.0282,0.0027,1.0,0.0,0.0,↑ in AD,1.0,False,False,-0.0
WP:WP2882,Nuclear receptors meta pathway,WP,7,0.2571,0.2606,-0.0035,1.0,0.0,0.0,↓ in AD,1.0,False,False,-0.0
GO:0048732,gland development,GO:BP,11,-0.3858,-0.3942,0.0084,1.0,0.0,0.0,↑ in AD,1.0,False,False,-0.0
KEGG:04380,Osteoclast differentiation,KEGG,3,-0.3581,-0.3683,0.0102,1.0,0.005,0.005,↑ in AD,1.0,False,False,-0.0
